{"cameraMode":{"drawMode":0,"name":"Shaded","section":"Shading Mode"},"sceneLighting":true,"audioPlay":false,"sceneViewState":{"m_AlwaysRefresh":false,"showFog":true,"showSkybox":true,"showFlares":true,"showImageEffects":true,"showParticleSystems":true,"showVisualEffectGraphs":true,"m_FxEnabled":true},"in2DMode":false,"pivot":{"x":-0.053242217749357226,"y":-6.91612434387207,"z":0.9939656853675842},"rotation":{"x":-0.4763442873954773,"y":-0.0050150612369179729,"z":0.002716311253607273,"w":-0.879243016242981},"size":15.494606018066407,"orthographic":false}